r2,mse,rmse,mae
0.9679575782847933,652305841.6652795,25540.27880946642,18603.258759934197
